endpoint,requests,rps,p50_ms,p95_ms,p99_ms,errors,error_rate,rejected_by_design
POST /test/login,1584,12.2,4.53,25.03,40.81,0,0.0,0
GET /healthz (clock sync),239,1.8,1.46,2.51,3.7,0,0.0,0
GET /drops/{id},1840,14.2,2.02,12.36,21.92,0,0.0,0
POST /drops/{id}/test-token,2282,17.6,6.61,26.39,42.14,0,0.0,704
POST /drops/{id}/register-fast,8,0.1,11.89,18.36,18.36,0,0.0,0
POST /drops/{id}/register,5399,41.7,8.67,28.14,41.73,0,0.0,3279
POST /drops/{id}/token,6,0.0,19.34,30.64,30.64,0,0.0,0
POST /drops/{id}/test-link,6,0.0,11.08,22.4,22.4,0,0.0,0
GET site page (scraper),6,0.0,548.7,1343.68,1343.68,0,0.0,0
GET site script (scraper),42,0.3,21.19,45.76,50.85,0,0.0,0
GET /drops,5,0.0,3.9,4.75,4.75,0,0.0,0
GET /drops/{id}/seats,5,0.0,4.37,49.76,49.76,0,0.0,0
